,資料庫,,,,,OpenSearch,,,,,補充說明,Elasticsearch,,,,,,,,,,,,
No,資料表,欄位名稱,資料型態,資料用途,不固定資料,第一層欄位名稱,第二層欄位名稱,資料型態,,欄位行為,,第一層欄位名稱,第二層欄位名稱,Elasticsearch 資料型態,備註,,,,,,,,,
1,C_Order_M,Coom_No,varchar(15),訂單編號,,coom_no,,keyword,15,Regexp,,coomNo,,Text,Unique Index,,,,,,,,,
2,,Coom_Name,nvarchar(100),賣場名稱,,coom_name,,keyword,100,Wildcard,,coomname,,Text,,,,,,,,,,
3,,Coom_Status,varchar(3),訂單狀態,v,coom_status,,keyword,3,Term,,coomstatus,,Text,,,,,,,,,,
4,,Coom_Temp_Type,varchar(2),溫層,,coom_temp_type,,keyword,2,Term,,coomTempType,,Text,,,,,,,,,,
5,,Coom_Create_Datetime,datetime,訂單日期,,coom_create_datetime,,date,,Range,,coomCreateDatetime,,Date,,,,,,,,,,
6,,Coom_CuamCid,int,賣家ID,,coom_cuam_cid,,keyword,48,Term,,coomCuamCid,,Text,,,,,,,,,,
7,,Coom_Rcv_TotalAmt,int,訂單總金額,,coom_rcv_totalamt,,integer,,GROUP BY,20250423退貨便新增(ESAPP需求),coomRcvTotalAmt,,Number,,,,,,,,,,
8,C_Order_C,Cooc_No,varchar(15),購物車主檔ID,,cooc_no,,keyword,15,Regexp,,coocNo,,Text,,,,,,,,,,
9,,Cooc_Payment_Type,varchar(2),付款方式,,cooc_payment_type,,keyword,2,Term,,coocPaymentType,,Text,,,,,,,,,,
10,,Cooc_Payment_PayDatetime,datetime,付款日期,v,cooc_payment_pay_datetime,,date,,Range,,coocPaymentPayDatetime,,Date,,,,,,,,,,
11,,Cooc_Deliver_Method,varchar(2),配送方式,,cooc_deliver_method,,keyword,2,Term,,coocDeliverMethod,,Text,,,,,,,,,,
12,,Cooc_Ord_Channel_Kind,varchar(2),賣場類型,,cooc_ord_channel_kind,,keyword,2,Term,,coocOrdChannelKind,,Text,,,,,,,,,,
13,,Cooc_MemSid,int,買家ID,,cooc_mem_sid,,keyword,48,Term,,coocMemSid,,Text,,,,,,,,,,
14,C_Order_D,Cood_Name,nvarchar(200),商品名稱,,cood_name,,keyword,200,Wildcard,,coodNames,,Text,,,,,,,,,,
15,E_Shipment_M,Esmm_Ship_No,varchar(20),配送編號,v,esmm_ship_no,,keyword,20,Regexp,,esmmShipNo,,Text,,,,,,,,,,
16,,Esmm_Status,varchar(2),貨態,,esmm_status,,keyword,2,Term,,smmRcvTotalAmt,,Text,,,,,,,,,,
17,,Esmm_Rcv_TotalAmt,int,訂單總金額,,esmm_rcv_totalamt,,integer,,,,esmmShipNo,,Number,,,,,,,,,,
18,,Esmm_LeaveStoreDate_B,date,預計離店日,,esmm_leavestoredate_b,,date,,,20250423退貨便新增(ESAPP需求),esmmLeavestoredateB,,Date,,,,,,,,,,
19,E_Shipment_L,Esml_EsmmStatus,varchar(2),配送狀態,v,esml_status_shipping_datetime,,date,,,Esml_EsmmStatus為10.已寄件,esmlStatusShippingDatetime,,Date,,,,,,,,,,
20,,Esml_Status_Datetime,datetime,配送狀態時間,,esml_status_finish_datetime,,date,,,Esml_EsmmStatus為30.已取件,esmlStatusFinishDatetime,,Date,,,,,,,,,,
21,E_Shipment_S,Esms_DlvStatus_No,varchar(5),貨態代碼,v,esms_dlvstatus_seller_pickup,,boolean,,Term,EsmsSCStatusNo為1C02:賣家取貨,esmsDlvstatusSellerPickup,,Boolean,,,,,,,,,,
22,,Esms_SC_Status_No,varchar(6),物流公司貨態代碼,,esms_sc_status_returning,,boolean,,Term,"EsmsSCStatusNo為161:貨物退回中,303:客樂得貨物退回中",esmsScStatusReturning,,Boolean,,,,,,,,,,
23,C_Question_M,Cqtm_Seller_CuamCid,int,會員編號,v,seller_qa_never_reply_count,,integer,,排序,依據會員編號的問答狀態增減對應欄位數字,sellerQaNeverReplyCount,,Number,,,,,,,,,,
24,,Cqtm_Status,varchar(2),問答狀態,,buyer_qa_never_reply_count,,integer,,排序,,buyerQaNeverReplyCount,,Number,,,,,,,,,,
25,E_CCDHL,Ecdh_Process_Code,varchar(15),宅回,v,is_return_shipping,,boolean,,Term,Ecdh_Process_Code為SW,IsReturnShipping,,Boolean,,,,,,,,,,
26,C_RtnShipment_Apply,C_RtnShipment_Apply,varchar(15),申請單編號,v,crsa_applied,,boolean,,Term,"2025401退貨便新增
有資料即為TRUE",CrsaApplied,,Boolean,,,,,,,,,,
27,C_Order_M,Coom_CgdmId,varchar(15),賣場編號,v,cood_items,cgdd_cgdmid,keyword,,TopHit,"20250523退貨便新增(ESAPP需求)
Nested屬性，不可是Object
※依據cood_cgdsid加總cood_qty倒排序，並依據Nested取出同群組中的欄位",CoodItems,coodItems.cgddCgdmid,Text,,,,,,,,,,
28,C_Order_S,Cgds_Cgddid,CHAR(16),商品編號,v,,cgdd_id,keyword,,TopHit,,,coodItems.cgddId,Text,,,,,,,,,,
29,C_Order_D,Cood_CgdsId,CHAR(16),商品規格編號,v,,cood_cgdsid,keyword,,Group By,,,coodItems.coodCgdsId,Text,,,,,,,,,,
30,,Cood_Name,nvarchar(200),商品名稱,,,cood_name,keyword,,TopHit,,,coodItems.coodName,Text,,,,,,,,,,
31,,Cood_Qty,int,數量,,,cood_qty,integer,,Sum,,,coodItems.coodQty,Number,,,,,,,,,,
32,,Cood_Image_Path,varchar(200),訂購子單所屬商品規格編號之主圖位置(含檔名),v,,cood_image_path,keyword,,TopHit,,,coodItems.coodImagePath,Text,,,,,,,,,,
,,,,,,,,,,,,,,,,,,,,,,,,
,,,,,,,,,,,,,,,,,,,,,,,,
,,,,,,,,,,,,,,,,,,,,,,,,
,,,,,,,,,,,,,,,,,,,,,,,,
,,,,,,,,,,,,,,,,,,,,,,,,
,,,,,,,,,,,,,,,,,,,,,,,,
,,,,,,,,,,,,,,,,,,,,,,,,
,,,,,,,,,,,,,,,,,,,,,,,,
,,,,,,,,,,,,,,,,,,,,,,,,
,,,,,,,,,,,,,,,,,,,,,,,,
,,,,,,,,,,,,,,,,,,,,,,,,
,,,,,,,,,,,,,,,,,,,,,,,,
,,,,,,,,,,,,,,,,,,,,,,,,
,,,,,,,,,,,,,,,,,,,,,,,,
,,,,,,,,,,,,,,,,,,,,,,,,
,,,,,,,,,,,,,,,,,,,,,,,,
,,,,,,,,,,,,,,,,,,,,,,,,
,,,,,,,,,,,,,,,,,,,,,,,,
,,,,,,,,,,,,,,,,,,,,,,,,
,,,,,,,,,,,,,,,,,,,,,,,,
,,,,,,,,,,,,,,,,,,,,,,,,
,,,,,,,,,,,,,,,,,,,,,,,,
,,,,,,,,,,,,,,,,,,,,,,,,
,,,,,,,,,,,,,,,,,,,,,,,,
,,,,,,,,,,,,,,,,,,,,,,,,
,,,,,,,,,,,,,,,,,,,,,,,,
,,,,,,,,,,,,,,,,,,,,,,,,
,,,,,,,,,,,,,,,,,,,,,,,,
,,,,,,,,,,,,,,,,,,,,,,,,
,,,,,,,,,,,,,,,,,,,,,,,,
,,,,,,,,,,,,,,,,,,,,,,,,
,,,,,,,,,,,,,,,,,,,,,,,,
,,,,,,,,,,,,,,,,,,,,,,,,
,,,,,,,,,,,,,,,,,,,,,,,,
,,,,,,,,,,,,,,,,,,,,,,,,
,,,,,,,,,,,,,,,,,,,,,,,,
,,,,,,,,,,,,,,,,,,,,,,,,
,,,,,,,,,,,,,,,,,,,,,,,,
,,,,,,,,,,,,,,,,,,,,,,,,
,,,,,,,,,,,,,,,,,,,,,,,,
,,,,,,,,,,,,,,,,,,,,,,,,
,,,,,,,,,,,,,,,,,,,,,,,,
,,,,,,,,,,,,,,,,,,,,,,,,
,,,,,,,,,,,,,,,,,,,,,,,,
,,,,,,,,,,,,,,,,,,,,,,,,
,,,,,,,,,,,,,,,,,,,,,,,,
,,,,,,,,,,,,,,,,,,,,,,,,
,,,,,,,,,,,,,,,,,,,,,,,,
,,,,,,,,,,,,,,,,,,,,,,,,
,,,,,,,,,,,,,,,,,,,,,,,,
,,,,,,,,,,,,,,,,,,,,,,,,
,,,,,,,,,,,,,,,,,,,,,,,,
,,,,,,,,,,,,,,,,,,,,,,,,
,,,,,,,,,,,,,,,,,,,,,,,,
,,,,,,,,,,,,,,,,,,,,,,,,
,,,,,,,,,,,,,,,,,,,,,,,,
,,,,,,,,,,,,,,,,,,,,,,,,
,,,,,,,,,,,,,,,,,,,,,,,,
,,,,,,,,,,,,,,,,,,,,,,,,
,,,,,,,,,,,,,,,,,,,,,,,,
,,,,,,,,,,,,,,,,,,,,,,,,
,,,,,,,,,,,,,,,,,,,,,,,,
,,,,,,,,,,,,,,,,,,,,,,,,
,,,,,,,,,,,,,,,,,,,,,,,,
,,,,,,,,,,,,,,,,,,,,,,,,
,,,,,,,,,,,,,,,,,,,,,,,,
,,,,,,,,,,,,,,,,,,,,,,,,
,,,,,,,,,,,,,,,,,,,,,,,,
,,,,,,,,,,,,,,,,,,,,,,,,
,,,,,,,,,,,,,,,,,,,,,,,,
,,,,,,,,,,,,,,,,,,,,,,,,
,,,,,,,,,,,,,,,,,,,,,,,,
,,,,,,,,,,,,,,,,,,,,,,,,
,,,,,,,,,,,,,,,,,,,,,,,,
,,,,,,,,,,,,,,,,,,,,,,,,
,,,,,,,,,,,,,,,,,,,,,,,,
,,,,,,,,,,,,,,,,,,,,,,,,
,,,,,,,,,,,,,,,,,,,,,,,,
,,,,,,,,,,,,,,,,,,,,,,,,
,,,,,,,,,,,,,,,,,,,,,,,,
,,,,,,,,,,,,,,,,,,,,,,,,
,,,,,,,,,,,,,,,,,,,,,,,,
,,,,,,,,,,,,,,,,,,,,,,,,
,,,,,,,,,,,,,,,,,,,,,,,,
,,,,,,,,,,,,,,,,,,,,,,,,
,,,,,,,,,,,,,,,,,,,,,,,,
,,,,,,,,,,,,,,,,,,,,,,,,
,,,,,,,,,,,,,,,,,,,,,,,,
,,,,,,,,,,,,,,,,,,,,,,,,
,,,,,,,,,,,,,,,,,,,,,,,,
,,,,,,,,,,,,,,,,,,,,,,,,
,,,,,,,,,,,,,,,,,,,,,,,,
,,,,,,,,,,,,,,,,,,,,,,,,
,,,,,,,,,,,,,,,,,,,,,,,,
,,,,,,,,,,,,,,,,,,,,,,,,
,,,,,,,,,,,,,,,,,,,,,,,,
,,,,,,,,,,,,,,,,,,,,,,,,
,,,,,,,,,,,,,,,,,,,,,,,,
,,,,,,,,,,,,,,,,,,,,,,,,
,,,,,,,,,,,,,,,,,,,,,,,,
,,,,,,,,,,,,,,,,,,,,,,,,
,,,,,,,,,,,,,,,,,,,,,,,,
,,,,,,,,,,,,,,,,,,,,,,,,
,,,,,,,,,,,,,,,,,,,,,,,,
,,,,,,,,,,,,,,,,,,,,,,,,
,,,,,,,,,,,,,,,,,,,,,,,,
,,,,,,,,,,,,,,,,,,,,,,,,
,,,,,,,,,,,,,,,,,,,,,,,,
,,,,,,,,,,,,,,,,,,,,,,,,
,,,,,,,,,,,,,,,,,,,,,,,,
,,,,,,,,,,,,,,,,,,,,,,,,
,,,,,,,,,,,,,,,,,,,,,,,,
,,,,,,,,,,,,,,,,,,,,,,,,
,,,,,,,,,,,,,,,,,,,,,,,,
,,,,,,,,,,,,,,,,,,,,,,,,
,,,,,,,,,,,,,,,,,,,,,,,,
,,,,,,,,,,,,,,,,,,,,,,,,
,,,,,,,,,,,,,,,,,,,,,,,,
,,,,,,,,,,,,,,,,,,,,,,,,
,,,,,,,,,,,,,,,,,,,,,,,,
,,,,,,,,,,,,,,,,,,,,,,,,
,,,,,,,,,,,,,,,,,,,,,,,,
,,,,,,,,,,,,,,,,,,,,,,,,
,,,,,,,,,,,,,,,,,,,,,,,,
,,,,,,,,,,,,,,,,,,,,,,,,
,,,,,,,,,,,,,,,,,,,,,,,,
,,,,,,,,,,,,,,,,,,,,,,,,
,,,,,,,,,,,,,,,,,,,,,,,,
,,,,,,,,,,,,,,,,,,,,,,,,
,,,,,,,,,,,,,,,,,,,,,,,,
,,,,,,,,,,,,,,,,,,,,,,,,
,,,,,,,,,,,,,,,,,,,,,,,,
,,,,,,,,,,,,,,,,,,,,,,,,
,,,,,,,,,,,,,,,,,,,,,,,,
,,,,,,,,,,,,,,,,,,,,,,,,
,,,,,,,,,,,,,,,,,,,,,,,,
,,,,,,,,,,,,,,,,,,,,,,,,
,,,,,,,,,,,,,,,,,,,,,,,,
,,,,,,,,,,,,,,,,,,,,,,,,
,,,,,,,,,,,,,,,,,,,,,,,,
,,,,,,,,,,,,,,,,,,,,,,,,
,,,,,,,,,,,,,,,,,,,,,,,,
,,,,,,,,,,,,,,,,,,,,,,,,
,,,,,,,,,,,,,,,,,,,,,,,,
,,,,,,,,,,,,,,,,,,,,,,,,
,,,,,,,,,,,,,,,,,,,,,,,,
,,,,,,,,,,,,,,,,,,,,,,,,
,,,,,,,,,,,,,,,,,,,,,,,,
,,,,,,,,,,,,,,,,,,,,,,,,
,,,,,,,,,,,,,,,,,,,,,,,,
,,,,,,,,,,,,,,,,,,,,,,,,
,,,,,,,,,,,,,,,,,,,,,,,,
,,,,,,,,,,,,,,,,,,,,,,,,
,,,,,,,,,,,,,,,,,,,,,,,,
,,,,,,,,,,,,,,,,,,,,,,,,
,,,,,,,,,,,,,,,,,,,,,,,,
,,,,,,,,,,,,,,,,,,,,,,,,
,,,,,,,,,,,,,,,,,,,,,,,,
,,,,,,,,,,,,,,,,,,,,,,,,
,,,,,,,,,,,,,,,,,,,,,,,,
,,,,,,,,,,,,,,,,,,,,,,,,
,,,,,,,,,,,,,,,,,,,,,,,,
,,,,,,,,,,,,,,,,,,,,,,,,
,,,,,,,,,,,,,,,,,,,,,,,,
,,,,,,,,,,,,,,,,,,,,,,,,
,,,,,,,,,,,,,,,,,,,,,,,,
,,,,,,,,,,,,,,,,,,,,,,,,
,,,,,,,,,,,,,,,,,,,,,,,,
,,,,,,,,,,,,,,,,,,,,,,,,
,,,,,,,,,,,,,,,,,,,,,,,,
,,,,,,,,,,,,,,,,,,,,,,,,
,,,,,,,,,,,,,,,,,,,,,,,,
,,,,,,,,,,,,,,,,,,,,,,,,
,,,,,,,,,,,,,,,,,,,,,,,,
,,,,,,,,,,,,,,,,,,,,,,,,
,,,,,,,,,,,,,,,,,,,,,,,,
,,,,,,,,,,,,,,,,,,,,,,,,
,,,,,,,,,,,,,,,,,,,,,,,,
,,,,,,,,,,,,,,,,,,,,,,,,
,,,,,,,,,,,,,,,,,,,,,,,,
,,,,,,,,,,,,,,,,,,,,,,,,
,,,,,,,,,,,,,,,,,,,,,,,,
,,,,,,,,,,,,,,,,,,,,,,,,
,,,,,,,,,,,,,,,,,,,,,,,,
,,,,,,,,,,,,,,,,,,,,,,,,
,,,,,,,,,,,,,,,,,,,,,,,,
,,,,,,,,,,,,,,,,,,,,,,,,
,,,,,,,,,,,,,,,,,,,,,,,,
,,,,,,,,,,,,,,,,,,,,,,,,
,,,,,,,,,,,,,,,,,,,,,,,,
,,,,,,,,,,,,,,,,,,,,,,,,
,,,,,,,,,,,,,,,,,,,,,,,,
,,,,,,,,,,,,,,,,,,,,,,,,
,,,,,,,,,,,,,,,,,,,,,,,,
,,,,,,,,,,,,,,,,,,,,,,,,
,,,,,,,,,,,,,,,,,,,,,,,,
,,,,,,,,,,,,,,,,,,,,,,,,
,,,,,,,,,,,,,,,,,,,,,,,,
,,,,,,,,,,,,,,,,,,,,,,,,
,,,,,,,,,,,,,,,,,,,,,,,,
